frame,type,left,reference,left_label,reference_label,iou
adasind_258420.jpg,mismatching_attributes,5,1,ThreeWheeler,ThreeWheeler,0.914
adasind_258420.jpg,mismatching_attributes,7,6,Pedestrian,Pedestrian,0.868
adasind_258420.jpg,extra_annotation,3,,Bike,,N/A
adasind_258420.jpg,extra_annotation,4,,Truck,,N/A
adasind_258420.jpg,extra_annotation,9,,Car,,N/A
adasind_258420.jpg,missing_annotation,,5,,Car,N/A
adasind_258420.jpg,missing_annotation,,7,,Pedestrian,N/A
adasind_270517.jpg,mismatching_attributes,4,5,Car,Car,0.741
adasind_270517.jpg,mismatching_attributes,6,7,Bike,Bike,0.563
adasind_270517.jpg,mismatching_attributes,7,3,Bike,Bike,0.555
adasind_310008.jpg,mismatching_attributes,2,3,Pedestrian,Pedestrian,0.858
adasind_310008.jpg,mismatching_attributes,4,5,Pedestrian,Pedestrian,0.767
adasind_310008.jpg,mismatching_attributes,3,2,Pedestrian,Pedestrian,0.763
adasind_310008.jpg,mismatching_attributes,5,4,Pedestrian,Pedestrian,0.669
