round,slice,frame,object_ref,cell,what,why,severity,owner,rule_id,evidence,action,rules_version,note
calib,C0,adasind_019560.jpg,L7,na,SPURIOUS,E1_annotator_error,P1,annotator,R03,"p1_calib/compare.md: L7 center SPURIOUS; L7=Pedestrian (465,731)-(535,901) chồng lên L4 Bike (420,781)-(526,918); reference chỉ có 1 Bike (427,736)-(535,910)",keep_with_reason,v1.0.0,Người ngồi lái xe máy bị tách thành Pedestrian + Bike. R03: người lái + xe hai bánh = 1 Bike. C0 đã khóa nên giữ và ghi lại; áp dụng đúng R03 cho slice B4-dense ở P2
calib,C0,adasind_019560.jpg,L6+R5,na,BOX_GEOMETRY,E2_guideline_gap,P2,guideline,R02,"L6 ThreeWheeler (321,731)-(426,845) vs R5 (327,721)-(457,849): vẫn khớp (IoU≈0.65) nhưng cạnh phải lệch ~31 px; phần xe ba bánh đỏ nâu phía sau bị xe máy có người lái che",keep_with_reason,v1.0.0,L dừng box ở phần nhìn thấy (R02); R kéo box qua phần bị che. Luật chưa nói rõ box vật bị che có ước phần khuất không -> đề xuất làm rõ ở 20_guideline_patch
calib,C0,adasind_019560.jpg,ego_body,na,IGNORE_SCOPE,E2_guideline_gap,P2,guideline,R07,"C0 adasind_019560.jpg: polygon ego_body của L và R cùng phủ tay/chân người lái xe hai bánh ở mép dưới trái (R ≈(0,1100)-(60,1560))",keep_with_reason,v1.0.0,"R07 chỉ nêu thân xe/gương/tay lái, không nói người lái xe hai bánh; reference C0 tính vào ego_body -> áp dụng cho B4-dense và đề xuất R07a trong 20_guideline_patch.md"
r2_qa,B4-dense,adasind_258420.jpg,L4,L_only,WRONG_CLASS,,,,R04,r2_qa/qa_overlay.html + qa_review.md,,v1.0.0,"Truck (178,745)-(236,800), occluded: chỉ thấy phần nóc/khối tối phía sau xe máy và xe con trắng; không thấy thùng hàng/cabin nên class Truck chưa có căn cứ rõ trên ảnh. Cần đối chiếu hoặc xoá nếu không nhận ra. | P4: reference và M đều không có -> E5_unresolved, giữ và nêu phép kiểm tiếp"
r2_qa,B4-dense,adasind_270517.jpg,L6,L_only,SPURIOUS,,,,R01,r2_qa/qa_overlay.html + qa_review.md,,v1.0.0,"Bike (823,848)-(877,914) cạnh cột điện: vật xám tròn, không thấy rõ bánh/yên xe; có thể không phải phương tiện (đá/xô). Nếu không phải vật động thì box này thừa. | P4: reference có R7 Bike (807,826)-(878,913) ở cùng chỗ -> vật xám là xe máy đậu, giữ nhãn"
r2_qa,B4-dense,adasind_270517.jpg,L7,L_only,BOX_GEOMETRY,,,,R05,r2_qa/qa_overlay.html + qa_review.md,,v1.0.0,"Bike (1030,950)-(1080,1174) cắt ở mép phải: truncated=true đúng (bị khung ảnh cắt); cần soát cạnh dưới 1174 có vượt phần xe nhìn thấy không (R02) — polygon K12 dừng ~1180. | P4: khớp R3 (IoU≈0.56); R3 rộng hơn sang trái (x=995) — giữ, không đổi quyết định chính"
r2_qa,B4-dense,adasind_258420.jpg,L9,L_only,BOX_GEOMETRY,,,,R01,r2_qa/qa_overlay.html + qa_review.md,,v1.0.0,"Car (213,774)-(273,815) cao 41 px, sát ngưỡng H=40; lệch vài px khi kéo box có thể đổi phạm vi. Giữ nhưng ghi là ca biên. | P4: R5 lệch/hẹp, L và M trùng -> nghi reference (E0), giữ"
r2_qa,B4-dense,adasind_270517.jpg,L4,L_only,ATTRIBUTE,,,,R05,r2_qa/qa_overlay.html + qa_review.md,,v1.0.0,"Car bạc (273,755)-(352,828) occluded=true vì người đi bộ L5 che một phần: đúng nghĩa occluded (vật khác che), không phải truncated. | P4: khớp R5; occluded không so với reference (R11), giữ"
r1_craft,B4-dense,adasind_258420.jpg,L3,na,SPURIOUS,E0_reference_defect,P1,qa,R01,"screenshots/02_258420_L3_vs_R.png: xe máy + người lái áo tối sau xe con trắng, box (171,800)-(193,847) H=47 ≥ H=40; R không có box nào ở vùng này",escalate,v1.0.0,Reference thiếu vật trong phạm vi R01 -> escalate sửa reference (xem 30_escalation_ticket.md)
r1_craft,B4-dense,adasind_258420.jpg,L4,na,SPURIOUS,E5_unresolved,P2,qa,R04,"L4 Truck (178,745)-(236,800) occluded; R và M đều không có; trên ảnh là khối xe tối màu sau xe con trắng nhưng không thấy cabin/thùng",keep_with_reason,v1.0.0,Chưa tách được lỗi người gán hay reference thiếu: cần frame lân cận hoặc ảnh độ phân giải gốc để xác định class; QA r2 đã nêu (R04)
r1_craft,B4-dense,adasind_258420.jpg,L9+R5,na,BOX_GEOMETRY,E0_reference_defect,P2,qa,R02,"L9 Car (213,774)-(273,815) và M6 (215,774)-(275,814) gần trùng; R5 (219,782)-(257,824) hẹp và lệch xuống, không bao phần thân xe bên phải tới x≈273",keep_with_reason,v1.0.0,"Hai nguồn độc lập (L,M) cùng ranh giới; giữ L và ghi nghi ngờ geometry của R"
r1_craft,B4-dense,adasind_258420.jpg,R7,na,MISSING,E1_annotator_error,P1,annotator,R01,"R7 Pedestrian (92,792)-(109,843) H=51: người đi bộ áo đỏ giữa L7 và L2; M12 cũng thấy; L bỏ sót khi gán và self-QC không phát hiện",rework,v1.0.0,Thêm box Pedestrian ở rework
r3_diag,B4-dense,adasind_258420.jpg,L6+R8,LR_noM,MISSING,E4_model_domain,P2,ai_team,R04,"M gọi ThreeWheeler là Car/Truck/Bus ở cả 6/6 auto của slice (258420 M4,M8,M11; 270517 M6,M7,M9; 310008 M6,M7) — YOLO26m COCO không có class ThreeWheeler",keep_with_reason,v1.0.0,LR_noM: L và R khớp; M gọi sai class nên bị tính thiếu
r3_diag,B4-dense,adasind_258420.jpg,L8+R4,LR_noM,MISSING,E4_model_domain,P2,ai_team,R04,"M gọi ThreeWheeler là Car/Truck/Bus ở cả 6/6 auto của slice (258420 M4,M8,M11; 270517 M6,M7,M9; 310008 M6,M7) — YOLO26m COCO không có class ThreeWheeler",keep_with_reason,v1.0.0,LR_noM: L và R khớp; M gọi sai class nên bị tính thiếu
r3_diag,B4-dense,adasind_258420.jpg,L5+R1,LR_noM,MISSING,E4_model_domain,P2,ai_team,R04,"M gọi ThreeWheeler là Car/Truck/Bus ở cả 6/6 auto của slice (258420 M4,M8,M11; 270517 M6,M7,M9; 310008 M6,M7) — YOLO26m COCO không có class ThreeWheeler",keep_with_reason,v1.0.0,LR_noM: L và R khớp; M gọi sai class nên bị tính thiếu
r3_diag,B4-dense,adasind_258420.jpg,L3,L_only,SPURIOUS,E0_reference_defect,P1,qa,R01,"screenshots/02_258420_L3_vs_R.png: xe máy + người lái áo tối sau xe con trắng, box (171,800)-(193,847) H=47 ≥ H=40; R không có box nào ở vùng này",escalate,v1.0.0,Reference thiếu vật trong phạm vi R01 -> escalate sửa reference (xem 30_escalation_ticket.md)
r3_diag,B4-dense,adasind_258420.jpg,L4,L_only,SPURIOUS,E5_unresolved,P2,qa,R04,"L4 Truck (178,745)-(236,800) occluded; R và M đều không có; trên ảnh là khối xe tối màu sau xe con trắng nhưng không thấy cabin/thùng",keep_with_reason,v1.0.0,Chưa tách được lỗi người gán hay reference thiếu: cần frame lân cận hoặc ảnh độ phân giải gốc để xác định class; QA r2 đã nêu (R04)
r3_diag,B4-dense,adasind_258420.jpg,L9+M6,LM_noR,SPURIOUS,E0_reference_defect,P2,qa,R04,"cùng vật với L9+R5: L và M trùng (IoU cao), R5 lệch",keep_with_reason,v1.0.0,Cùng ca geometry reference
r3_diag,B4-dense,adasind_258420.jpg,R5,R_only,MISSING,E0_reference_defect,P2,qa,R02,R5 Car hẹp/lệch so với xe con trắng trên ảnh,keep_with_reason,v1.0.0,Cùng ca L9+R5
r3_diag,B4-dense,adasind_258420.jpg,R7+M12,RM_noL,MISSING,E1_annotator_error,P1,annotator,R01,"cùng vật R7: R và M đều thấy, L thiếu",rework,v1.0.0,Thêm box Pedestrian ở rework
r3_diag,B4-dense,adasind_258420.jpg,M4,M_only,SPURIOUS,E4_model_domain,P2,ai_team,R04,"M gọi ThreeWheeler là Car/Truck/Bus ở cả 6/6 auto của slice (258420 M4,M8,M11; 270517 M6,M7,M9; 310008 M6,M7) — YOLO26m COCO không có class ThreeWheeler",keep_with_reason,v1.0.0,"M_only do sai class ThreeWheeler, không phải vật thừa thật"
r3_diag,B4-dense,adasind_258420.jpg,M5,M_only,SPURIOUS,E4_model_domain,P2,ai_team,R03,"M5 Pedestrian (128,797)-(157,852) là người lái trên xe máy L2/R3; M tách người khỏi xe (quy ước COCO) — cùng mẫu với M10",keep_with_reason,v1.0.0,Model không theo R03 rider=1 Bike; lặp lại ở ≥2 ca
r3_diag,B4-dense,adasind_258420.jpg,M7,M_only,SPURIOUS,E5_unresolved,P2,qa,R04,"M7 Pedestrian (235,793)-(257,844) H=51: có bóng người (mặt đã làm mờ) sau xe con trắng; cả L và R đều không box",keep_with_reason,v1.0.0,"Cần soi ảnh gốc: là người đứng thật (L,R cùng thiếu) hay người ngồi trong xe con (R03 không box)"
r3_diag,B4-dense,adasind_258420.jpg,M8,M_only,SPURIOUS,E4_model_domain,P2,ai_team,R04,"M gọi ThreeWheeler là Car/Truck/Bus ở cả 6/6 auto của slice (258420 M4,M8,M11; 270517 M6,M7,M9; 310008 M6,M7) — YOLO26m COCO không có class ThreeWheeler",keep_with_reason,v1.0.0,"M_only do sai class ThreeWheeler, không phải vật thừa thật"
r3_diag,B4-dense,adasind_258420.jpg,M10,M_only,SPURIOUS,E4_model_domain,P2,ai_team,R03,"M10 Pedestrian (190,792)-(242,883) là người lái của L1/R2",keep_with_reason,v1.0.0,Cùng mẫu R03 với M5
r3_diag,B4-dense,adasind_258420.jpg,M11,M_only,SPURIOUS,E4_model_domain,P2,ai_team,R04,"M gọi ThreeWheeler là Car/Truck/Bus ở cả 6/6 auto của slice (258420 M4,M8,M11; 270517 M6,M7,M9; 310008 M6,M7) — YOLO26m COCO không có class ThreeWheeler",keep_with_reason,v1.0.0,"M_only do sai class ThreeWheeler, không phải vật thừa thật"
r3_diag,B4-dense,adasind_270517.jpg,L1+R2,LR_noM,MISSING,E4_model_domain,P2,ai_team,R04,"M gọi ThreeWheeler là Car/Truck/Bus ở cả 6/6 auto của slice (258420 M4,M8,M11; 270517 M6,M7,M9; 310008 M6,M7) — YOLO26m COCO không có class ThreeWheeler",keep_with_reason,v1.0.0,LR_noM do M sai class ThreeWheeler
r3_diag,B4-dense,adasind_270517.jpg,L2+R4,LR_noM,MISSING,E4_model_domain,P2,ai_team,R04,"M gọi ThreeWheeler là Car/Truck/Bus ở cả 6/6 auto của slice (258420 M4,M8,M11; 270517 M6,M7,M9; 310008 M6,M7) — YOLO26m COCO không có class ThreeWheeler",keep_with_reason,v1.0.0,LR_noM do M sai class ThreeWheeler
r3_diag,B4-dense,adasind_270517.jpg,M5,M_only,SPURIOUS,E4_model_domain,P3,ai_team,R03,"M5/M10/M11 Pedestrian (653-793,761-950) là người ngồi trong auto L1/R2",keep_with_reason,v1.0.0,R03: người ngồi trong phương tiện không box; model quy ước khác
r3_diag,B4-dense,adasind_270517.jpg,M6,M_only,SPURIOUS,E4_model_domain,P2,ai_team,R04,"M gọi ThreeWheeler là Car/Truck/Bus ở cả 6/6 auto của slice (258420 M4,M8,M11; 270517 M6,M7,M9; 310008 M6,M7) — YOLO26m COCO không có class ThreeWheeler; M6/M9 còn trùng 2 box một vật",keep_with_reason,v1.0.0,Sai class + trùng box
r3_diag,B4-dense,adasind_270517.jpg,M7,M_only,SPURIOUS,E4_model_domain,P2,ai_team,R04,"M gọi ThreeWheeler là Car/Truck/Bus ở cả 6/6 auto của slice (258420 M4,M8,M11; 270517 M6,M7,M9; 310008 M6,M7) — YOLO26m COCO không có class ThreeWheeler; M6/M9 còn trùng 2 box một vật",keep_with_reason,v1.0.0,Sai class + trùng box
r3_diag,B4-dense,adasind_270517.jpg,M9,M_only,SPURIOUS,E4_model_domain,P2,ai_team,R04,"M gọi ThreeWheeler là Car/Truck/Bus ở cả 6/6 auto của slice (258420 M4,M8,M11; 270517 M6,M7,M9; 310008 M6,M7) — YOLO26m COCO không có class ThreeWheeler; M6/M9 còn trùng 2 box một vật",keep_with_reason,v1.0.0,Sai class + trùng box
r3_diag,B4-dense,adasind_270517.jpg,M10,M_only,SPURIOUS,E4_model_domain,P3,ai_team,R03,"M5/M10/M11 Pedestrian (653-793,761-950) là người ngồi trong auto L1/R2",keep_with_reason,v1.0.0,R03: người ngồi trong phương tiện không box; model quy ước khác
r3_diag,B4-dense,adasind_270517.jpg,M11,M_only,SPURIOUS,E4_model_domain,P3,ai_team,R03,"M5/M10/M11 Pedestrian (653-793,761-950) là người ngồi trong auto L1/R2",keep_with_reason,v1.0.0,R03: người ngồi trong phương tiện không box; model quy ước khác
r3_diag,B4-dense,adasind_310008.jpg,L1+R1,LR_noM,MISSING,E4_model_domain,P2,ai_team,R04,"M gọi ThreeWheeler là Car/Truck/Bus ở cả 6/6 auto của slice (258420 M4,M8,M11; 270517 M6,M7,M9; 310008 M6,M7) — YOLO26m COCO không có class ThreeWheeler",keep_with_reason,v1.0.0,LR_noM do M sai class ThreeWheeler
r3_diag,B4-dense,adasind_310008.jpg,M6,M_only,SPURIOUS,E4_model_domain,P2,ai_team,R04,"M gọi ThreeWheeler là Car/Truck/Bus ở cả 6/6 auto của slice (258420 M4,M8,M11; 270517 M6,M7,M9; 310008 M6,M7) — YOLO26m COCO không có class ThreeWheeler; M6 Truck và M7 Bus cùng một auto",keep_with_reason,v1.0.0,Sai class + trùng box
r3_diag,B4-dense,adasind_310008.jpg,M7,M_only,SPURIOUS,E4_model_domain,P2,ai_team,R04,"M gọi ThreeWheeler là Car/Truck/Bus ở cả 6/6 auto của slice (258420 M4,M8,M11; 270517 M6,M7,M9; 310008 M6,M7) — YOLO26m COCO không có class ThreeWheeler; M6 Truck và M7 Bus cùng một auto",keep_with_reason,v1.0.0,Sai class + trùng box
